Clade,mutation type,mutation,,
1,nucl,A260T,,
1,nucl,C1211T,,
1,nucl,A1898T,flag,
1,nucl,A2112G,,
1,nucl,A5535G,,
1,nucl,G5801A,,
1,aa,RdRp:S685G,,
2,nucl,T869C,,
2,nucl,C1862T,,
2,nucl,A1898T,flag,
2,nucl,A2080T,,
2,nucl,A2499G,,
2,nucl,C2981T,,
2,nucl,T3206C,,
2,nucl,T3731C,,
2,nucl,G4296A,,
2,nucl,A5175G,flag,
2,aa,RdRp:E674V,,
2,aa,RdRp:R814G,,
2,aa,RdRp:D271N,,
3,nucl,T663C,,
3,nucl,T3676A,,
3,nucl,T4631C,,
3,nucl,A5175G,flag,
3,nucl,C5448T,,
3,aa,RdRp:M1206K,,
4,nucl,T1880C,,
4,nucl,A1898T,flag,
4,nucl,C3245T,,
4,nucl,A5175G,flag,
5,nucl,A1898T,flag,
5,nucl,A5175G,flag,
5,nucl,T491C,,sub
5,nucl,T2516A,,sub
5,nucl,C3009T,,sub
5,nucl,A3653G,,sub
5,nucl,G4331A,flag,sub
5,nucl,A4925G,,sub
5,nucl,A5590G,flag,sub
5,aa,RdRp:H984Y,,sub
5,aa,MP:N11S,,sub
6,nucl,C131T,flag,
6,nucl,T401A,,
6,nucl,G956A,flag,
6,nucl,A998T,,
6,nucl,C1370T,,
6,nucl,T1844A,flag,
6,nucl,A1898T,flag,
6,nucl,G2336A,,
6,nucl,T2849A,,
6,nucl,T3128C,,
6,nucl,A3418T,,
6,nucl,A3782G,,
6,nucl,T4160C,,
6,nucl,G4331A,flag,
6,nucl,T4535C,,
6,nucl,C4553T,,
6,nucl,T4655C,,
6,nucl,A4750T,flag,
6,nucl,A4835T,,
6,nucl,T4905A,,
6,nucl,G5077A,,
6,nucl,G5109A,,
6,nucl,A5175G,flag,
6,nucl,T5439A,,
6,nucl,A5535G,flag,
6,nucl,A5590G,flag,
6,nucl,T5795C,,
6,nucl,A5951G,,
6,aa,RdRp:Q1120L,,
6,aa,RdRp:N1564I,flag,
6,aa,RdRp:*1616K,,
6,aa,MP:D62N,,
7,nucl,T37C,,
7,nucl,A907G,,
7,nucl,A1898T,flag,
7,nucl,A1985G,,
7,nucl,A2510G,,
7,nucl,G2594A,,
7,nucl,T3096C,,
7,nucl,T3855A,,
7,nucl,A4835G,,
7,nucl,A5175G,flag,
7,nucl,G5484T,,
7,nucl,G5671A,,
7,nucl,A6359T,,
7,aa,RdRp:K283R,,
7,aa,RdRp:C1266S,,
8,nucl,C131T,flag,
8,nucl,G588A,,
8,nucl,G956A,flag,
8,nucl,A1076G,,
8,nucl,T1844A,flag,
8,nucl,A1898T,flag,
8,nucl,G2198A,,
8,nucl,T2285C,,
8,nucl,C2378T,,
8,nucl,T2732C,,
8,nucl,A3239G,,
8,nucl,A4001G,,
8,nucl,G4331A,flag,
8,nucl,A4750T,flag,
8,nucl,A4835T,,
8,nucl,G5112A,,
8,nucl,A5175G,flag,
8,nucl,A5590G,flag,
8,nucl,A5591T,,
8,nucl,A6193G,,
8,aa,RdRp:N1564I,flag,